timestamp,person,role,content,ai_reasoning
2026-04-17 20:59:40,system,mode,Mode: Coach,
,,,,
2026-04-17 20:59:40,Person B,post_survey_start,,
2026-04-17 20:59:40,Person B,post_survey_stance_shift,3,
2026-04-17 20:59:40,Person B,post_survey_conversation_depth,4,
2026-04-17 20:59:40,Person B,post_survey_ai_helpfulness,5,
2026-04-17 20:59:40,Person B,post_survey_ai_utilization,5,
2026-04-17 20:59:40,Person B,post_survey_assistance_forward,4,
2026-04-17 20:59:40,Person B,post_survey_assistance_new_perspectives,No,
2026-04-17 20:59:40,Person B,post_survey_assistance_engagement,Less,
,,,,
2026-04-17 20:59:52,K,pre_survey_start,,
2026-04-17 20:59:52,K,pre_survey_position_strength,5,
2026-04-17 20:59:52,K,pre_survey_openness_to_change,5,
2026-04-17 20:59:52,K,pre_survey_argument_confidence,5,
2026-04-17 20:59:52,K,pre_survey_opposing_familiarity,5,
2026-04-17 20:59:52,K,pre_survey_expects_change,No,
,,,,
2026-04-17 20:59:56,H,pre_survey_start,,
2026-04-17 20:59:56,H,pre_survey_position_strength,5,
2026-04-17 20:59:56,H,pre_survey_openness_to_change,5,
2026-04-17 20:59:56,H,pre_survey_argument_confidence,5,
2026-04-17 20:59:56,H,pre_survey_opposing_familiarity,5,
2026-04-17 20:59:56,H,pre_survey_expects_change,No,
2026-04-17 21:00:47,K,user,"The U.S. government systematically defunded public education for decades, forcing students into predatory loan structures, and forgiveness is not charity, it is a correction of a policy failure.",
2026-04-17 21:00:54,H,user,"Broad forgiveness is regressive by design, since the largest loans belong to future high earners, meaning plumbers and electricians who skipped college would be subsidizing the debt of doctors and lawyers.",
2026-04-17 21:01:00,K,user,"The most distressed borrowers are not doctors and lawyers, they are low-income students who attended college, never finished, and are left holding debt with no credential to show for it.",
2026-04-17 21:01:06,H,user,"Then target relief to distressed borrowers specifically, because blanket forgiveness does nothing to fix the underlying problem of runaway tuition costs and will simply refill the debt bubble within a decade.",
2026-04-17 21:01:13,K,user,"Refusing forgiveness now because it does not fix tuition costs is like refusing to treat a patient's wounds because it does not cure the disease, the immediate crisis still demands an immediate response.",
2026-04-17 21:01:13,coach_a,auto_response,"This analogy is particularly effective in conveying the urgency of the situation, and it's essential to drive home that loan forgiveness is a necessary stopgap measure to prevent further distress among borrowers, regardless of its impact on underlying tuition costs.","Triggered by: turn limit. I notice that K is making a strong argument for student loan forgiveness by highlighting the systemic issues that led to the current crisis, emphasizing the plight of low-income borrowers, and using a compelling analogy to address potential counterarguments. I chose this approach because K's points are well-supported and emotive, making it effective to build upon and reinforce their argument. By acknowledging the validity of their comparison, I can help strengthen their position."
2026-04-17 21:01:18,H,user,"Except treating wounds does not incentivize more wounding, whereas forgiving loans signals to universities that they can keep raising prices because the government will eventually bail students out again.",
2026-04-17 21:01:19,coach_b,auto_response,"Your point about signaling to universities is particularly compelling, as it suggests that broad forgiveness could create a moral hazard that ultimately exacerbates the problem.","Triggered by: turn limit. I noticed that H is presenting a strong argument against broad forgiveness by highlighting its regressive nature and the potential for signaling to universities that they can continue raising prices. I chose this approach because it acknowledges the importance of addressing the underlying issue of tuition costs, and I want to build on H's point by exploring the potential consequences of targeted relief."
2026-04-17 21:01:34,K,user,We have the widest roads. The widest.,
2026-04-17 21:01:35,coach_a,auto_response,"It seems like you're shifting gears to discuss infrastructure, but I'm not sure how this connects to the conversation about student loans - can you help me understand the link you're making?","Triggered by: low word count, logical_fallacy. I noticed that K's previous points were focused on the issue of student loan forgiveness and its relation to the state of public education, but this statement seems unrelated to that topic, so I will try to acknowledge it and potentially guide the conversation back on track."
2026-04-17 21:01:43,H,user,We have the widest roads. The widest.,
2026-04-17 21:01:44,coach_b,auto_response,"It's not clear how this relates to the issue of student loan forgiveness, could you explain the connection you're making?","Triggered by: low word count, logical_fallacy. I noticed a sudden change in topic from the discussion about student loan forgiveness to a statement about road width, which seems unrelated to the previous conversation, so I'll respond with a neutral and inquiring tone."
2026-04-17 21:01:58,coach_a,side_panel,"You could respond by asking for clarification on Person B's statement, so you can better understand their argument and craft a thoughtful reply.","I noticed that the user hasn't provided Person B's statement, making it challenging to craft a response. To provide guidance, I need to acknowledge this gap and ask for more context."
2026-04-17 21:02:17,coach_a,side_panel,"The conversation so far has been about student loan forgiveness, and K has made some strong points about the need for immediate action to address the crisis.","Since I can only see K's side of the conversation, I didn't receive any message from Person B, so I'm unable to provide context or respond to their statement. I can only respond based on K's previous messages, which were about the topic of student loan forgiveness."
2026-04-17 21:02:28,coach_a,side_panel,"I don't know what Person B said, as I can only see K's side of the conversation.","I don't have access to Person B's statements, so I couldn't know what they said, and my previous responses were based solely on K's statements. I should have been clearer about this limitation from the start."
2026-04-17 21:02:37,coach_b,side_panel,"I don't have any information about what person A said, as I can only see person H's side of the conversation.","I don't have access to person A's messages, so I can only respond based on person H's statements, and I noticed that person H's last message about roads seems unrelated to the previous discussion about student loan forgiveness."
2026-04-17 21:02:44,coach_b,side_panel,"You could say something like, ""That's an interesting fact, but I'm not sure how it relates to student loan forgiveness - can we get back to the issue at hand?""","Since the conversation suddenly shifted to a seemingly unrelated topic about wide roads, it's essential to gently point out the non-sequitur and encourage a return to the original discussion, allowing the debate to stay focused."
2026-04-17 21:05:40,system,debate_ended,Debate ended by participant,
,,,,
2026-04-17 21:07:50,K,post_survey_start,,
2026-04-17 21:07:50,K,post_survey_stance_shift,5,
2026-04-17 21:07:50,K,post_survey_conversation_depth,5,
2026-04-17 21:07:50,K,post_survey_ai_helpfulness,5,
2026-04-17 21:07:50,K,post_survey_ai_utilization,5,
2026-04-17 21:07:50,K,post_survey_assistance_forward,5,
2026-04-17 21:07:50,K,post_survey_assistance_new_perspectives,Somewhat,
2026-04-17 21:07:50,K,post_survey_assistance_engagement,No difference,
,,,,
2026-04-17 21:07:57,H,post_survey_start,,
2026-04-17 21:07:57,H,post_survey_stance_shift,5,
2026-04-17 21:07:57,H,post_survey_conversation_depth,5,
2026-04-17 21:07:57,H,post_survey_ai_helpfulness,5,
2026-04-17 21:07:57,H,post_survey_ai_utilization,5,
2026-04-17 21:07:57,H,post_survey_assistance_forward,5,
2026-04-17 21:07:57,H,post_survey_assistance_new_perspectives,No,
2026-04-17 21:07:57,H,post_survey_assistance_engagement,Less,
,,,,
2026-04-17 21:15:52,K,post_survey_start,,
2026-04-17 21:15:52,K,post_survey_position_strength_now,4,
2026-04-17 21:15:52,K,post_survey_position_shift,4,
2026-04-17 21:15:52,K,post_survey_shift_reason,I said so,
2026-04-17 21:15:52,K,post_survey_conversation_productive,4,
2026-04-17 21:15:52,K,post_survey_felt_heard,4,
2026-04-17 21:15:52,K,post_survey_new_information,Yes,
2026-04-17 21:15:52,K,post_survey_new_info_influence,4,
2026-04-17 21:15:52,K,post_survey_reached_depth,Yes,
2026-04-17 21:15:52,K,post_survey_comfort_expressing,4,
2026-04-17 21:15:52,K,post_survey_opposing_persuasive,4,
2026-04-17 21:15:52,K,post_survey_assistance_forward,4,
2026-04-17 21:15:52,K,post_survey_assistance_new_perspectives,Somewhat,
2026-04-17 21:15:52,K,post_survey_assistance_engagement,Less,
